{
  "position": {
    "x": -75.66605285183279,
    "y": 293.3464163872145,
    "z": -213.04416815683288,
    "fromSave": true
  },
  "rotation": {
    "yaw": 11.172599999999994,
    "pitch": -1.3051963267948965
  },
  "health": 99.26811600001572,
  "hunger": 95.1271285000163,
  "energy": 97.07627710001205,
  "inventory": {
    "maxWeight": 100,
    "hotbar": [
      {
        "itemId": "stone",
        "count": 4
      },
      {
        "itemId": "wool",
        "count": 2
      },
      null,
      null,
      null,
      null,
      null,
      null,
      null,
      null
    ],
    "offhand": null,
    "equipment": {
      "head": null,
      "chest": null,
      "legs": null,
      "feet": null,
      "ears": null,
      "hands": null,
      "arms": null,
      "quiver": null
    },
    "slots": [],
    "quiverArrows": 0
  }
}