{
  "id": "451b6099-2f8b-4da0-9386-a860c1991a12",
  "name": "Alex's Creative World",
  "seed": 11,
  "created": 1782336111312,
  "lastPlayed": 1782409043577,
  "gameMode": "CREATIVE",
  "playerPos": {
    "x": -75.66605285183279,
    "y": 293.3464163872145,
    "z": -213.04416815683288,
    "fromSave": true
  }
}