{
  "id": "599df18c-ae69-4fc1-b37f-8e18dfb1a7f0",
  "name": "Alex's Survival World",
  "seed": 11,
  "created": 1782333317740,
  "lastPlayed": 1782407411246,
  "gameMode": "SURVIVAL",
  "playerPos": {
    "x": -33.826574633059636,
    "y": -194.78327007359823,
    "z": -3.386655234591308
  }
}